{
  "name": "ionic-modal-select",
  "version": "1.1.2",
  "homepage": "https://github.com/inmagik/ionic-modal-select",
  "authors": [
    "Mauro Bianchi <bianchimro@gmail.com>"
  ],
  "description": "Modal select for ionic framework",
  "main": [
    "dist/ionic-modal-select.js"
  ],
  "keywords": [
    "ionic",
    "modal",
    "select"
  ],
  "license": "MIT",
  "ignore": [
    "**/.*",
    "node_modules",
    "bower_components",
    "test",
    "tests"
  ],
  "devDependencies": {
    "ionic": "~1.1.1",
    "angular-mocks": "1.4.3"
  },
  "_release": "1.1.2",
  "_resolution": {
    "type": "version",
    "tag": "v1.1.2",
    "commit": "654ac3bf4e541855a4cc8328e5b5d079c001b39a"
  },
  "_source": "git://github.com/inmagik/ionic-modal-select.git",
  "_target": "~1.1.2",
  "_originalSource": "ionic-modal-select",
  "_direct": true
}